id,title,desc,href,img,category
001,ë”± ë¶™ì´ë©´ ëë‚˜ëŠ” ë¸”ë¼ì¸ë“œ~ #ì§‘ê¾¸ë¯¸ê¸° #ë¸”ë¼ì¸ë“œ #ì¸í…Œë¦¬ì–´ê¿€í…œ,"í–‡ë¹›ì´ ì§¸~ë¼ê²Œ ë“¤ì–´ì™€ ëˆˆë¶€ì…”ë„ ê±±ì • ì—†ì¥¬? ë¬´íƒ€ê³µ ì„¤ì¹˜ë¡œ êµ¬ë© ì•ˆ ëš«ê³ , ê·¸ëƒ¥ ì°© ë¶™ì´ë©´ ë!",https://link.coupang.com/a/cRrVOr,https://img1.daumcdn.net/thumb/R1280x0/?scode=mtistory2&fname=https%3A%2F%2Fblog.kakaocdn.net%2Fdna%2Fb6f4zb%2FbtsQDbDvG3Q%2FAAAAAAAAAAAAAAAAAAAAAKyRO0L_jjDhM7zHWc9mOYrrJB_e5GdTE6zyeNzEuhV6%2Fimg.jpg%3Fcredential%3DyqXZFxpELC7KVnFOS48ylbz2pIh7yKj8%26expires%3D1759244399%26allow_ip%3D%26allow_referer%3D%26signature%3DPlvqdtC4zIdIhxd6UJoR3BRDNW4%253D,ì¸í…Œë¦¬ì–´
002,ìš”ë¦¬ ì´ˆë³´ë„ OK! ì‹¤ë¦¬ë§Œ ì´ì§€ì›¨ì´ ë©€í‹° ì‹¤ë¦¬ì½˜ ì°œê¸° | ë§í¬ ëˆŒëŸ¬ êµ¬ë§¤ | 002ë²ˆ | #ì°œê¸° #ì‹¤ë¦¬ì½˜ #ìš”ë¦¬,ì‹¤ë¦¬ë§Œ ì´ì§€ì›¨ì´ ì‹¤ë¦¬ì½˜ ì°œê¸° ë©€í‹° WSK7011ì€ í”Œë˜í‹°ë„˜ ì‹¤ë¦¬ì½˜ 100%ë¡œ ë§Œë“¤ì–´ ëƒ„ìƒˆ ê±±ì • ì ê³  ì „ìë ˆì¸ì§€Â·ì˜¤ë¸Â·ì‹ê¸°ì„¸ì²™ê¸° OKë¼ ì†ì‰½ê²Œ ì‚¬ìš©í•  ìˆ˜ ìˆì–´ìš”,https://link.coupang.com/a/cRFj8y,https://img1.daumcdn.net/thumb/R1280x0/?scode=mtistory2&fname=https%3A%2F%2Fblog.kakaocdn.net%2Fdna%2FlSldT%2FbtsQGsKYREJ%2FAAAAAAAAAAAAAAAAAAAAAAn6nQey1CJCyaM-5RzZQE5EoWFk_XwxhPYxLSWNXRio%2Fimg.jpg%3Fcredential%3DyqXZFxpELC7KVnFOS48ylbz2pIh7yKj8%26expires%3D1759244399%26allow_ip%3D%26allow_referer%3D%26signature%3DPlwrvhndZ6DYnjdI8wXWxii%252FTWg%253D,ì£¼ë°©ê¸°êµ¬
003,ë¹„í–‰ê¸°ì—ì„œ ëª© êº¾ì´ëŠ” ì‚¬ëŒ! ì‹¤ë²„ì±„ ëª©ë² ê°œ,ì¥ê±°ë¦¬ ë¹„í–‰. ë²„ìŠ¤. ê¸°ì°¨ì—ì„œ ëª© ì•„íŒŒë³¸ ì‚¬ëŒ ì†âœ‹ì‹¤ë²„ì±„ ê¸°ë‚´ìš© ì—¬í–‰ìš© ëª©ë² ê°œ í•˜ë‚˜ë©´ ë,https://link.coupang.com/a/cRQyYj,https://img1.daumcdn.net/thumb/R1280x0/?scode=mtistory2&fname=https%3A%2F%2Fblog.kakaocdn.net%2Fdna%2FPB9h3%2FbtsQGj3eZRq%2FAAAAAAAAAAAAAAAAAAAAAI7C2Z0mF9l1G21CXJUWwErvswQW5VcUnOxBELv6-Hhl%2Fimg.jpg%3Fcredential%3DyqXZFxpELC7KVnFOS48ylbz2pIh7yKj8%26expires%3D1759244399%26allow_ip%3D%26allow_referer%3D%26signature%3Dou1OKDGlV6k80VxsQfHemLIhRJs%253D,ê±´ê°•
004,ë¹—ê¸°ë§Œ í•´ë„ ë¨¸ë¦¬ê°€ ì‹¹ í´ì§€ëŠ”~ ëŒ“ê¸€ë³´ë©´ ì•Œì–´ìœ ~ #ê³ ë°ê¸° #ê³ ë°ê¸°í•˜ëŠ”ë²• #ê³ ë°ê¸°ì¶”ì²œ,ë¨¸ë¦¬ ì†ì§ˆí•  ë•Œë§ˆë‹¤ ì† í„°ì ¸ë¶ˆì œìœ ? í¬ë·°íŠ¸ ì—£ì§€ ë¸ŒëŸ¬ì‰¬ ê³ ë°ê¸°ëŠ” ê·¸ëƒ¥ ë¹—ì–´ì£¼ê¸°ë§Œ í—ˆë¯„ ìŠ¤íŠ¸ë ˆì´íŠ¸ì— ë³¼ë¥¨ê¹Œì§€ ì‹¹ ì¡ì•„ì£¼ë‹ˆê»˜ìœ .,https://link.coupang.com/a/cR2w2S,https://img1.daumcdn.net/thumb/R1280x0/?scode=mtistory2&fname=https%3A%2F%2Fblog.kakaocdn.net%2Fdna%2FVVN7v%2FbtsQHjofPaB%2FAAAAAAAAAAAAAAAAAAAAAF8oF74L5z-1io9eZMoYAKPH8mlO4TT0BMnQAdGZ8PZR%2Fimg.jpg%3Fcredential%3DyqXZFxpELC7KVnFOS48ylbz2pIh7yKj8%26expires%3D1759244399%26allow_ip%3D%26allow_referer%3D%26signature%3D3pglrzh9Mxg7MoBC2XJBAslRqkc%253D,ê°€ì „
005,ìë™ ì•„ë‹ˆë©´ ì†í•´ì•¼~ ì°¨ëŸ‰ìš© í–‡ë¹›ê°€ë¦¬ #ìë™ì°¨ìš©í’ˆ #í–‡ë¹›ê°€ë¦¬ê°œ #ì°¨ë°•í•„ìˆ˜í…œ #ì—¬ë¦„í•„ìˆ˜í…œ #ì°¨ì•ˆì˜¨ë„30ë„â†“ #ìë™ì°¨ì–‘ì‚° #ìš´ì „ê¿€í…œ,ì—¬ë¦„ë§Œ ë˜ë©´ ì°¨ ì•ˆì´ ì‚¬ìš°ë‚˜ ê°™ì•„ ê³ ìƒí•˜ì…¨ì¥¬? ìë™ ì°¨ëŸ‰ìš© í–‡ë¹›ê°€ë¦¬ê°œ í•˜ë‚˜ë©´ ë²„íŠ¼ë§Œ ëˆŒëŸ¬ë„ 30ë„ ì˜¨ë„ ëšâ†“ ë‚´ë ¤ê°‘ë‹ˆë‹¤.,https://link.coupang.com/a/cR4B0E,https://img1.daumcdn.net/thumb/R1280x0/?scode=mtistory2&fname=https%3A%2F%2Fblog.kakaocdn.net%2Fdna%2FbltqKD%2FbtsQJBOFdIw%2FAAAAAAAAAAAAAAAAAAAAAKYV2QRwLeLpoQhRPu4K8297IJHEvmcykPdCc2r6bPX5%2Fimg.jpg%3Fcredential%3DyqXZFxpELC7KVnFOS48ylbz2pIh7yKj8%26expires%3D1759244399%26allow_ip%3D%26allow_referer%3D%26signature%3DhTEL8ztzHRPExdqtyJX6o6FSvic%253D,ì°¨ëŸ‰ìš©í’ˆ
006,í”¼ì¹´ë¶€ìŠ¤íŠ¸2 Pikaboost 2,í”¼ì¹´ë¶€ìŠ¤íŠ¸2 ì „ë™ ë¶€ìŠ¤í„° í‚¤íŠ¸ í•˜ë‚˜ë©´ ìì „ê±°ê°€ ì „ê¸°ìì „ê±°ë¡œ ë³€ì‹ !,https://link.coupang.com/a/cSdJNY,https://img1.daumcdn.net/thumb/R1280x0/?scode=mtistory2&fname=https%3A%2F%2Fblog.kakaocdn.net%2Fdna%2Fy4Alj%2FbtsQIXLkJ5X%2FAAAAAAAAAAAAAAAAAAAAAN-VVhdNPQFwgCfnvCqB7CXjIyZEe0BHmJTKsyT4RLGh%2Fimg.png%3Fcredential%3DyqXZFxpELC7KVnFOS48ylbz2pIh7yKj8%26expires%3D1759244399%26allow_ip%3D%26allow_referer%3D%26signature%3DboIdi2QhA2Q4EHA7vzf%252FkxeCmc4%253D,ìŠ¤í¬ì¸ 
007,ì ‘ì´ì‹ ê·¸ëŠ˜ë§‰ ìº í•‘/ë‚šì‹œ ì˜ì,ì´ ì ‘ì´ì‹ ê·¸ëŠ˜ë§‰ ì˜ì ìœ„ì— ìºë…¸í”¼ê°€ ë”± ë‹¬ë ¤ìˆì‘ê²Œ í–‡ë¹› ìì™¸ì„  ì‹¹ ê°€ë ¤ì£¼ìœ .,https://link.coupang.com/a/cSs4VM,https://img1.daumcdn.net/thumb/R1280x0/?scode=mtistory2&fname=https%3A%2F%2Fblog.kakaocdn.net%2Fdna%2FbjHd9d%2FbtsQLB17maD%2FAAAAAAAAAAAAAAAAAAAAANzM9SokjP_HpAM15PQTqhOSYWQJnWJrKi86oEqgb2QQ%2Fimg.png%3Fcredential%3DyqXZFxpELC7KVnFOS48ylbz2pIh7yKj8%26expires%3D1759244399%26allow_ip%3D%26allow_referer%3D%26signature%3DiRPtwhwLZdomNvI7oNUltlFc0II%253D,ìº í•‘ìš©í’ˆ
008,AI ì „ë™ ë³´í–‰ ìŠˆì¦ˆ,ê·¸ëƒ¥ ì‹ ë°œ ì•„ë‹ˆê³  AI ì „ë™ ë³´í–‰ ìŠˆì¦ˆ ë“±ì¥! ìµœëŒ€ ì†ë„ 11km/h ì¶©ì „ì‹ ì „ë™ ë¡¤ëŸ¬ê°€ ìë™ìœ¼ë¡œ ê°€ì† ğŸš€,https://link.coupang.com/a/cSDVPE,https://img1.daumcdn.net/thumb/R1280x0/?scode=mtistory2&fname=https%3A%2F%2Fblog.kakaocdn.net%2Fdna%2FdfeMU1%2FbtsQMqtbNEj%2FAAAAAAAAAAAAAAAAAAAAAEUTZR9O1bV9p2wCRDLFRV6zxpXUMf40rwhPaTgp3bGv%2Fimg.jpg%3Fcredential%3DyqXZFxpELC7KVnFOS48ylbz2pIh7yKj8%26expires%3D1759244399%26allow_ip%3D%26allow_referer%3D%26signature%3D5Ae%252B4%252FWa%252BegPYeT7ug1vWTw49xc%253D,ìŠ¤í¬ì¸ 
009,ë“€ì–¼ ë Œì¦ˆ í—¬ë©§,ë¹„ ì˜¤ëŠ” ë‚  / ìŠµí•œ ë‚  / ì¥ê±°ë¦¬ ë¼ì´ë”© â€” LS2 FF901 Advant X 6K ì¹´ë³¸ í’€ í˜ì´ìŠ¤ í—¬ë©§ì´ë©´ ê¹€ì„œë¦¼ ê±±ì • ì—†ì–´ìœ ,https://link.coupang.com/a/cSPeWi,https://img1.daumcdn.net/thumb/R1280x0/?scode=mtistory2&fname=https%3A%2F%2Fblog.kakaocdn.net%2Fdna%2FbheXAx%2FbtsQOjHpqCt%2FAAAAAAAAAAAAAAAAAAAAAD_udZwj8qwB2Sj_R9JmrQ4hLkLI-x1KsfkK6pU5i5tA%2Fimg.jpg%3Fcredential%3DyqXZFxpELC7KVnFOS48ylbz2pIh7yKj8%26expires%3D1759244399%26allow_ip%3D%26allow_referer%3D%26signature%3DaGSllQcnVvECPaxkdBpTpUe%252BF8U%253D,ìŠ¤í¬ì¸ 
010,1ì´ˆ ì„¤ì¹˜ ê´´ë¬¼ í†±ë§ˆëŒ€,Bora Portamate Speedhorse XTëŠ” 1ì´ˆ ì„¤ì¹˜/ì ‘ì´ì‹ ë†’ì´ 30~36ì¸ì¹˜ ì¡°ì ˆ ê°€ëŠ¥,https://link.coupang.com/a/cSQmsK,https://img1.daumcdn.net/thumb/R1280x0/?scode=mtistory2&fname=https%3A%2F%2Fblog.kakaocdn.net%2Fdna%2FcIzzIv%2FbtsQM1gvNrJ%2FAAAAAAAAAAAAAAAAAAAAANJtTB2diiIToYnZ1ZkVsxqv5-w2YCZzhgWK23sIasPQ%2Fimg.jpg%3Fcredential%3DyqXZFxpELC7KVnFOS48ylbz2pIh7yKj8%26expires%3D1759244399%26allow_ip%3D%26allow_referer%3D%26signature%3DcUZzEIm0nLH%252FZpoMldD3srtDk0c%253D,ê³µêµ¬
011,í•œë²ˆì— 8ê°œë‚˜ ì¶©ì „í•œë‹¤ê³ ?,ìµœëŒ€ 8ê°œ ë™ì‹œ ì¶©ì „ê¸°,https://link.coupang.com/a/cS4K1Q,https://img1.daumcdn.net/thumb/R1280x0/?scode=mtistory2&fname=https%3A%2F%2Fblog.kakaocdn.net%2Fdna%2FbuVZ0V%2FbtsQSawBZl0%2FAAAAAAAAAAAAAAAAAAAAAHAC83Y0BDuZT5CS3y51vWwfRChCwjyK8Iu8R8sKg2T7%2Fimg.jpg%3Fcredential%3DyqXZFxpELC7KVnFOS48ylbz2pIh7yKj8%26expires%3D1759244399%26allow_ip%3D%26allow_referer%3D%26signature%3DYWHAiFTliCTA56beBNxhbBUAn3Q%253D,ê°€ì „
012,ì—í­ì‹œ ë°”ë‹¥ì¬ ì‹œê³µ ëšë”±,[ë…ì¼ ê¸°ìˆ ] ì±„ì‚¬ ì—í­ì‹œ ìˆ˜ì„± í˜ì¸íŠ¸,https://link.coupang.com/a/cTdNG6,https://img1.daumcdn.net/thumb/R1280x0/?scode=mtistory2&fname=https%3A%2F%2Fblog.kakaocdn.net%2Fdna%2FbI63pw%2FbtsQQnxxE5e%2FAAAAAAAAAAAAAAAAAAAAAJ0z2o-jN9dnr69DJ_LJUBwKd6aJmcdJFEPIG-e_23ju%2Fimg.jpg%3Fcredential%3DyqXZFxpELC7KVnFOS48ylbz2pIh7yKj8%26expires%3D1759244399%26allow_ip%3D%26allow_referer%3D%26signature%3DY0dKRONJxEuNwrSrMO1x2Cof0gA%253D,ì¸í…Œë¦¬ì–´
013,ì˜ìë¥¼ ê·¸ëƒ¥ ì…ì–´ ë‹¤ë¦¬ì— ì°©ìš©í•˜ëŠ” íœ´ëŒ€ìš© ì°©ì„ ë³´ì¡° ê¸°êµ¬,ì„œ ìˆì„ ë•Œ ë‹¤ë¦¬ ë¶€ë‹´ í™• ì¤„ì—¬ì£¼ê³  í•„ìš”í•  ë• ë°”ë¡œ â€˜ìŠ¥â€™ ì•‰ì„ ìˆ˜ ìˆìŠˆ,https://link.coupang.com/a/cTsuLu,https://img1.daumcdn.net/thumb/R1280x0/?scode=mtistory2&fname=https%3A%2F%2Fblog.kakaocdn.net%2Fdna%2FtKMKA%2FbtsQSuQcC0A%2FAAAAAAAAAAAAAAAAAAAAABhfqtTiA80gxLuLM7DDBdKNVVT7INgRUaC_xtUqQk7z%2Fimg.jpg%3Fcredential%3DyqXZFxpELC7KVnFOS48ylbz2pIh7yKj8%26expires%3D1759244399%26allow_ip%3D%26allow_referer%3D%26signature%3DGxhCJKxW4QT2b4R0xGok6y%252Bypws%253D,ê³µêµ¬
014,ë‚šì‹¯ëŒ€ ì ‘ì—ˆë‹¤ íˆë‹¤ ë¦´ê¹Œì§€ ë¶™ì–´ìˆë„¤ìœ ,CT ì ‘ì´ì‹ ë¦´ì½¤ë³´ ë‚šì‹œëŒ€ ë¦´+ë‚šì‹¯ëŒ€ ì¼ì²´í˜•ì´ë¼ íœ´ëŒ€ì„± ìµœê³  ğŸ‘ ì ‘ì´ì‹ êµ¬ì¡°ë¡œ ê°€ë³ê²Œ ë“¤ê³  ë‹¤ë‹ˆê³  ë°”ë¡œ í¼ì³ì„œ ë‚šì‹œ ì‹œì‘ ê°€ëŠ¥ ë°”ë‹¤ë‚šì‹œ ë¯¼ë¬¼ë‚šì‹œ ë‹¤ ê°€ëŠ¥í•´ìœ ,https://link.coupang.com/a/cTBsQK,https://img1.daumcdn.net/thumb/R1280x0/?scode=mtistory2&fname=https%3A%2F%2Fblog.kakaocdn.net%2Fdna%2FUm0IE%2FbtsQTjgtX30%2FAAAAAAAAAAAAAAAAAAAAADvun8mQ_JCkZSyCmPb-dsHnzJkeQSVhcyBnYxcKoCeP%2Fimg.jpg%3Fcredential%3DyqXZFxpELC7KVnFOS48ylbz2pIh7yKj8%26expires%3D1759244399%26allow_ip%3D%26allow_referer%3D%26signature%3DOd%252BGiJXZWprPy8W4ssK6A2ioIJs%253D,ì•¼ì™¸
015,ë”í´ë˜ìŠ¤ í´ë¦° ì•¤ ì½”íŠ¸ ì°¨ëŸ‰ ì‹¤ë‚´ ì„¸ì • ì½”íŒ…ì œ,ë”í´ë˜ìŠ¤ í´ë¦° ì•¤ ì½”íŠ¸ ì°¨ëŸ‰ ì‹¤ë‚´ ì„¸ì • ì½”íŒ…ì œ 500ml ì‹¤ë‚´ ì„¸ì •ê³¼ ì½”íŒ…ì„ í•œë²ˆì—,https://link.coupang.com/a/cTMhEB,https://img1.daumcdn.net/thumb/R1280x0/?scode=mtistory2&fname=https%3A%2F%2Fblog.kakaocdn.net%2Fdna%2FcCStoF%2FbtsQVUmWceR%2FAAAAAAAAAAAAAAAAAAAAAOiLTJEGSiEPtFEHz5oO7tJGHcm1vvn0oOOhnrpNv2uY%2Fimg.jpg%3Fcredential%3DyqXZFxpELC7KVnFOS48ylbz2pIh7yKj8%26expires%3D1759244399%26allow_ip%3D%26allow_referer%3D%26signature%3D8ajqTXw%252BRI%252FsEcAVooWB3dvo2xk%253D,ì°¨ëŸ‰ìš©í’ˆ
016,BMW i8 ì–´ë¦°ì´ ì „ê¸° ìë™ì°¨,BMW i8 ì–´ë¦°ì´ ì „ê¸° ìë™ì°¨ ì „ë™ì¹´ ì•„ê¸°ìë™ì°¨ ìœ ì•„ì „ë™ì°¨,https://link.coupang.com/a/cUpozL,https://img1.daumcdn.net/thumb/R1280x0/?scode=mtistory2&fname=https%3A%2F%2Fblog.kakaocdn.net%2Fdna%2FbrxtVw%2FbtsQZSxKNRQ%2FAAAAAAAAAAAAAAAAAAAAALVlNM5EnwZ9hr066cMiLQYriHWLzqcd1TDRJA67Wb_n%2Fimg.jpg%3Fcredential%3DyqXZFxpELC7KVnFOS48ylbz2pIh7yKj8%26expires%3D1761922799%26allow_ip%3D%26allow_referer%3D%26signature%3DTaBOOsDHgln3tDdaXQiA2uAfOEA%253D,ìë‹ì°¨ìš©í’ˆ
017,ì ‘ìœ¼ë©´ ìºë¦¬ì–´ í´ë©´ ì „ë™ìŠ¤ì¿ í„°! Motocompacto,ì´ˆë°•í˜• í´ë”ë¸” ì „ë™ ìŠ¤ì¿ í„° ìºë¦¬ì–´ì²˜ëŸ¼ ì ‘í˜ 3.5ì‹œê°„ ì¶©ì „ ë„ì‹œ ë¼ìŠ¤íŠ¸ë§ˆì¼ ì´ë™ ìµœì í™”,https://link.coupang.com/a/cUdSS0,https://img1.daumcdn.net/thumb/R1280x0/?scode=mtistory2&fname=https%3A%2F%2Fblog.kakaocdn.net%2Fdna%2Fl19kP%2FbtsQ0v1CYCR%2FAAAAAAAAAAAAAAAAAAAAANW5y2NwM-IVHvMNXCgzSQWCxrBuPX-GiRrO0v8Biy6i%2Fimg.jpg%3Fcredential%3DyqXZFxpELC7KVnFOS48ylbz2pIh7yKj8%26expires%3D1761922799%26allow_ip%3D%26allow_referer%3D%26signature%3D9Dy822koIyFHP6NfoTsx0O25ZJE%253D,ì°¨ëŸ‰ìš©í’ˆ
018,ìì „ê±° ë§ê³ ? GT20 âš¡,ìì „ê±° ë§ê³ ? ëª¨í„°ì‚¬ì´í´ ëŠë‚Œ ê°€ë“í•œ GT20,https://link.coupang.com/a/cUwoFQ,https://img1.daumcdn.net/thumb/R1280x0/?scode=mtistory2&fname=https%3A%2F%2Fblog.kakaocdn.net%2Fdna%2FddrcXr%2FbtsQ3gEb9Tx%2FAAAAAAAAAAAAAAAAAAAAABbpVjfMF_-i-waC2ljTNMCDgOf86_3SHDwT1LWuHw65%2Fimg.jpg%3Fcredential%3DyqXZFxpELC7KVnFOS48ylbz2pIh7yKj8%26expires%3D1761922799%26allow_ip%3D%26allow_referer%3D%26signature%3DhgQ0Do16yoHWMlwHTIVOuCSlAPk%253D,ìë™ì°¨ìš©í’ˆ
019,PLANTSIO ì´ëª¨í‹°ì½˜ ì‹ë¬¼ ê´€ë¦¬ ìŠ¤ë§ˆíŠ¸ í« í”Œëœí„° AI í™”ë¶„ ë¡œë´‡,PLANTSIO ì´ëª¨í‹°ì½˜ ì‹ë¬¼ ê´€ë¦¬ ìŠ¤ë§ˆíŠ¸ í« í”Œëœí„° AI í™”ë¶„ ë¡œë´‡,https://link.coupang.com/a/cUJN3q,https://img1.daumcdn.net/thumb/R1280x0/?scode=mtistory2&fname=https%3A%2F%2Fblog.kakaocdn.net%2Fdna%2FUIY5w%2FbtsQ3HO8VXC%2FAAAAAAAAAAAAAAAAAAAAAOj1Mgp39SzEWFYIFVqYygaGckXuPa918JtGMCrURLaX%2Fimg.jpg%3Fcredential%3DyqXZFxpELC7KVnFOS48ylbz2pIh7yKj8%26expires%3D1761922799%26allow_ip%3D%26allow_referer%3D%26signature%3DxWl%252FR35kLC%252BJdD1RUdYcDLMFjao%253D,AI
020,ì—ì¼ë¦­ ë¡œë´‡ (Eilik) ì• ì™„ ë°˜ë ¤ AIë¡œë´‡,ì—ì¼ë¦­ ë¡œë´‡ (Eilik) ì• ì™„ ë°˜ë ¤ AIë¡œë´‡,https://link.coupang.com/a/cUQJAL,https://img1.daumcdn.net/thumb/R1280x0/?scode=mtistory2&fname=https%3A%2F%2Fblog.kakaocdn.net%2Fdna%2FdbhB9w%2FbtsQ3v2pzro%2FAAAAAAAAAAAAAAAAAAAAAPqM0etFbrkXSrIhXrZLhpxnLywX-6DEHiiYI_2TavcP%2Fimg.jpg%3Fcredential%3DyqXZFxpELC7KVnFOS48ylbz2pIh7yKj8%26expires%3D1761922799%26allow_ip%3D%26allow_referer%3D%26signature%3D%252BFewWm6jilSBQXV3febmJV8V7iE%253D,AI
021,ë¡œì¼“ì—¬ ë­ì—¬~ ë¡œì¼“ í™”ë¡œ,ë¶ˆë©Â·ì»¤í”¼Â·ë°”ë² íê¹Œì§€ ê°€ëŠ¥í•œ íœ´ëŒ€ìš© ì†Œí˜• í™”ë¡œëŒ€ ìŠ¤í† ë¸Œ!,https://link.coupang.com/a/cVkuW4,https://img1.daumcdn.net/thumb/R1280x0/?scode=mtistory2&fname=https%3A%2F%2Fblog.kakaocdn.net%2Fdna%2FKjgGQ%2FbtsQ3xGmEl4%2FAAAAAAAAAAAAAAAAAAAAACSJviBTPmCqTjp5oAuGVgLopZbsMIVxeoPnkuURjKDO%2Fimg.jpg%3Fcredential%3DyqXZFxpELC7KVnFOS48ylbz2pIh7yKj8%26expires%3D1761922799%26allow_ip%3D%26allow_referer%3D%26signature%3DjN9rKlJgyZI%252BLmDfmDZZy17bVLE%253D,ìº í•‘


